Full Name,Email Address,Password,Confirm Password,Phone Number,Country,Address,City,State,ZIP Code
Sharon Davis,sharondavis@hotmail.com,GS!VH@%By6,GS!VH@%By6,(712) 686-5680,USA,9866 Main St,Raleigh,New Jersey,51247
Donald Hill,donald.hill@yahoo.com,EyJhfpY$@v,EyJhfpY$@v,(263) 873-6527,USA,5238 State St,Miami,New Jersey,24861
Jessica Harris,jessica.harris@outlook.com,$1neg*RyDn,$1neg*RyDn,(271) 464-4193,USA,9784 Main St,Jacksonville,Vermont,47958
Nancy Perez,nancy855@outlook.com,X&mniReK9s,X&mniReK9s,(368) 665-1673,USA,4735 Church St,Raleigh,Arizona,29799
Jennifer Johnson,jennifer.johnson95@aol.com,qbuai41sMa,qbuai41sMa,(769) 329-2605,USA,9685 Spring St,Phoenix,Oklahoma,66393
Charles Davis,charles919@gmail.com,phQaV%6@GB,phQaV%6@GB,(640) 972-5149,USA,6724 Church St,Albuquerque,Minnesota,44976
Susan Campbell,susan.campbell@hotmail.com,!jdeq10C5r,!jdeq10C5r,(292) 599-5668,USA,4867 Roosevelt St,Seattle,Colorado,68002
Nancy Thomas,nancy386@aol.com,PUHjf1SdT1,PUHjf1SdT1,(392) 213-1407,USA,2304 Church St,Boston,New Hampshire,43289
Nancy Rodriguez,nancy.rodriguez@yahoo.com,%ElSDLwnYF,%ElSDLwnYF,(863) 233-9224,USA,596 Madison St,Virginia Beach,Alabama,89795
Elizabeth Allen,elizabethallen@aol.com,@wrtoCT0ml,@wrtoCT0ml,(549) 962-4667,USA,3014 Washington Ave,Omaha,Maryland,77236
Lisa Mitchell,lisa.mitchell60@icloud.com,Wt1CnVUKxN,Wt1CnVUKxN,(314) 597-6727,USA,6042 Park Ave,San Diego,Colorado,24621
Joshua Williams,joshuawilliams@yahoo.com,6fe@LvG&PO,6fe@LvG&PO,(941) 538-5466,USA,9818 Jefferson St,Kansas City,Rhode Island,58617
Timothy Hernandez,timothyhernandez@aol.com,C8pcokQZaF,C8pcokQZaF,(437) 857-3657,USA,4689 Jefferson St,Baltimore,Tennessee,77994
George Gonzalez,georgegonzalez@icloud.com,KY*slCa%S*,KY*slCa%S*,(590) 361-8557,USA,6606 Washington Ave,San Diego,Mississippi,62307
Elizabeth Harris,elizabeth19@hotmail.com,P$KKw#0eSn,P$KKw#0eSn,(371) 739-7448,USA,3222 Adams St,San Jose,Idaho,57843
Sandra Lewis,sandra.lewis@gmail.com,go1sysNJJ8,go1sysNJJ8,(901) 939-9369,USA,5543 Madison St,San Antonio,Wyoming,28179
Charles Moore,charles.moore@aol.com,fC&inxf16K,fC&inxf16K,(760) 825-8120,USA,7685 Madison St,Sacramento,Virginia,10606
Jessica Lopez,jessicalopez@yahoo.com,6%2T726B0I,6%2T726B0I,(802) 538-1428,USA,4078 Church St,Phoenix,Texas,57447
Charles Roberts,charles832@aol.com,ctv$!YaGoI,ctv$!YaGoI,(298) 546-6473,USA,7171 Monroe St,Philadelphia,South Dakota,69618
Jessica Anderson,jessicaanderson@outlook.com,izxCIazE3I,izxCIazE3I,(933) 530-4827,USA,4170 Lincoln St,Louisville,Alabama,53838
Sharon Williams,sharon215@hotmail.com,QT*FsZ#wsG,QT*FsZ#wsG,(340) 585-1805,USA,7445 Park Ave,New York,Nevada,30130
Patricia Sanchez,patricia.sanchez23@aol.com,jlrIF8Rvo6,jlrIF8Rvo6,(347) 665-4082,USA,1932 State St,Fresno,Virginia,38781
William Flores,william.flores@aol.com,G*KJBzJ0Uw,G*KJBzJ0Uw,(664) 741-3639,USA,898 Adams St,Austin,New York,73561
Timothy Lopez,timothy.lopez@aol.com,$P$#kwz0uC,$P$#kwz0uC,(256) 865-7422,USA,522 Park Ave,New York,Wisconsin,19170
David Smith,davidsmith@outlook.com,@P6uxRczpa,@P6uxRczpa,(654) 875-2631,USA,5755 Monroe St,New York,Wyoming,87500
Robert Adams,robertadams@outlook.com,or7zorNcz4,or7zorNcz4,(808) 320-1765,USA,7644 Elm St,Atlanta,Nebraska,33487
Susan Lee,susan.lee@icloud.com,pmxku%mKc0,pmxku%mKc0,(385) 449-7878,USA,817 Maple Ave,Denver,Wyoming,96753
Anthony Scott,anthony.scott@icloud.com,Rv3Roz$Lxh,Rv3Roz$Lxh,(765) 378-2719,USA,3196 Elm St,San Jose,Texas,41214
David Baker,david.baker@gmail.com,yPo3NmeJfg,yPo3NmeJfg,(552) 747-4758,USA,3701 Spring St,Chicago,Missouri,19264
Robert Garcia,robertgarcia@icloud.com,JI8R1S!5Qd,JI8R1S!5Qd,(855) 620-3127,USA,5706 Main St,Denver,New Mexico,32057
Donald Flores,donald.flores60@hotmail.com,iuHqntuPrz,iuHqntuPrz,(631) 881-2701,USA,676 Elm St,Colorado Springs,Minnesota,63235
Kevin Torres,kevin.torres@hotmail.com,WeL91jGHV8,WeL91jGHV8,(646) 543-5572,USA,5556 Main St,Seattle,North Carolina,47977
William Jones,william427@icloud.com,m#uAr$REnJ,m#uAr$REnJ,(539) 499-5936,USA,2422 Jackson Ave,Fresno,New Mexico,80792
Christopher Young,christopher.young@aol.com,0*m2uhp&@c,0*m2uhp&@c,(864) 651-1627,USA,2054 School St,San Antonio,Alaska,62011
Joshua Garcia,joshua942@yahoo.com,zRpcI#Xr3h,zRpcI#Xr3h,(403) 983-3202,USA,938 State St,Phoenix,Nevada,33136
Richard Moore,richard.moore@gmail.com,!mDz%tjjHu,!mDz%tjjHu,(603) 200-5910,USA,4769 Main St,Columbus,North Carolina,69532
Anthony Campbell,anthonycampbell@icloud.com,CatCIQzta7,CatCIQzta7,(794) 257-1109,USA,381 Union St,Boston,Missouri,64832
Mary Flores,mary.flores93@gmail.com,A&1zXt4WvL,A&1zXt4WvL,(338) 930-3419,USA,8554 Elm St,San Antonio,Alabama,40191
William Hall,williamhall@aol.com,9iSy1$#Hl!,9iSy1$#Hl!,(765) 210-9016,USA,2391 Monroe St,Philadelphia,Wyoming,92348
Steven Perez,steven.perez80@gmail.com,Sf8mq8K8ov,Sf8mq8K8ov,(373) 481-8140,USA,6887 Main St,Fresno,Wisconsin,19464
Nancy Robinson,nancy.robinson@aol.com,*FCuCQ8&qk,*FCuCQ8&qk,(927) 912-1551,USA,5722 Washington Ave,Sacramento,Indiana,58915
Daniel Walker,daniel.walker@yahoo.com,I9xIV6I49z,I9xIV6I49z,(830) 456-3027,USA,4191 Cedar St,Detroit,Arkansas,20070
Carol Baker,carolbaker@aol.com,qwD9y$VFa3,qwD9y$VFa3,(407) 380-3272,USA,7691 School St,Portland,Alabama,28752
Jennifer Martin,jennifer.martin@yahoo.com,JhEy69#!1X,JhEy69#!1X,(858) 912-2674,USA,790 Main St,Omaha,Arizona,41432
Susan Scott,susanscott@hotmail.com,EwUyDPZ31C,EwUyDPZ31C,(891) 722-2981,USA,1859 Adams St,Charlotte,Arizona,87065
Matthew Davis,matthewdavis@aol.com,1YOaWXUhMw,1YOaWXUhMw,(832) 916-8449,USA,5051 Elm St,Albuquerque,Massachusetts,59236
Joshua Carter,joshua.carter28@icloud.com,hn1vY1q0d!,hn1vY1q0d!,(869) 988-2839,USA,7589 Jackson Ave,Austin,Tennessee,12613
Patricia Martin,patricia.martin60@aol.com,9ANpxT%V10,9ANpxT%V10,(676) 777-1301,USA,1273 Franklin Ave,Dallas,Virginia,66718
Charles Rodriguez,charlesrodriguez@aol.com,sOtrB2jP3m,sOtrB2jP3m,(209) 525-6822,USA,2743 Spring St,Dallas,North Carolina,95226
David Taylor,david38@yahoo.com,jqFhcdJj*V,jqFhcdJj*V,(605) 505-2918,USA,9903 Elm St,Portland,Arizona,20438
William Perez,william985@outlook.com,!hsGs5boCu,!hsGs5boCu,(558) 384-8866,USA,508 Park Ave,Boston,South Dakota,80010
Paul Williams,paul.williams@gmail.com,ZOe7aW!mey,ZOe7aW!mey,(894) 942-5588,USA,309 Church St,Nashville,Kentucky,21099
Elizabeth Hernandez,elizabeth.hernandez99@yahoo.com,HDVrY%@kQy,HDVrY%@kQy,(562) 899-4423,USA,6454 Spring St,San Antonio,Montana,21645
Ruth Thompson,ruth933@aol.com,slUHo0yBmf,slUHo0yBmf,(827) 745-6433,USA,2806 Elm St,Sacramento,Illinois,78557
Betty Rodriguez,betty.rodriguez56@yahoo.com,8evtDW9Sk&,8evtDW9Sk&,(790) 339-1864,USA,2244 State St,Memphis,Indiana,58685
Kimberly Martin,kimberly.martin@yahoo.com,BAxTvbfdG*,BAxTvbfdG*,(977) 290-9166,USA,2278 School St,Miami,North Carolina,62164
George Perez,georgeperez@hotmail.com,RZdwkQVe9h,RZdwkQVe9h,(700) 582-5303,USA,6981 Franklin Ave,Oklahoma City,Texas,99433
Matthew Nelson,matthewnelson@outlook.com,5B@y*N2LTT,5B@y*N2LTT,(579) 282-9672,USA,9651 Pine St,Austin,Maryland,53126
Linda Ramirez,lindaramirez@hotmail.com,AkDsXfg1OP,AkDsXfg1OP,(210) 742-1497,USA,7148 Washington Ave,Austin,Virginia,92070
Emily Lopez,emily.lopez86@outlook.com,B#D962bvF4,B#D962bvF4,(279) 779-4109,USA,1867 Roosevelt St,Detroit,Delaware,12688
Elizabeth Johnson,elizabeth.johnson33@aol.com,FiiiwKkHSL,FiiiwKkHSL,(697) 568-8009,USA,7877 Spring St,Mesa,Texas,46574
James Baker,james.baker28@yahoo.com,SK@k05XpqK,SK@k05XpqK,(242) 370-2532,USA,3231 Roosevelt St,Columbus,North Dakota,95947
Dorothy Allen,dorothy.allen17@hotmail.com,tB6v4cLO0o,tB6v4cLO0o,(768) 744-3833,USA,3646 Maple Ave,Tucson,Arkansas,67444
Ruth Lopez,ruth.lopez@yahoo.com,%t0tP0pMH!,%t0tP0pMH!,(764) 816-4719,USA,74 Adams St,Detroit,Alaska,34652
Carol Anderson,carol.anderson67@icloud.com,Sfr7$2SJUG,Sfr7$2SJUG,(301) 671-2625,USA,8658 Monroe St,Oklahoma City,Hawaii,16873
Daniel Wilson,danielwilson@hotmail.com,r73wE1uvrt,r73wE1uvrt,(750) 646-6477,USA,3320 Maple Ave,Mesa,Virginia,97366
Sarah Hill,sarah.hill@aol.com,WjjaLgeP8d,WjjaLgeP8d,(637) 436-7136,USA,3091 Maple Ave,Virginia Beach,Alabama,93950
Joseph Mitchell,joseph581@gmail.com,r0LBYug0fS,r0LBYug0fS,(271) 255-4458,USA,4365 Church St,Nashville,Mississippi,29589
Brian Lopez,brian799@hotmail.com,jY@ZD4kA1w,jY@ZD4kA1w,(237) 936-3025,USA,8537 Oak Ave,Oklahoma City,Pennsylvania,19107
Linda Anderson,linda.anderson58@outlook.com,B7*i&fXs6H,B7*i&fXs6H,(982) 911-7862,USA,8820 Franklin Ave,Las Vegas,Virginia,21663
Deborah Jackson,deborah.jackson@yahoo.com,hP0gcMk@Xf,hP0gcMk@Xf,(359) 417-8513,USA,4888 Franklin Ave,Fresno,Oklahoma,46719
Mark Anderson,mark.anderson@aol.com,Br&E5E1t16,Br&E5E1t16,(319) 929-6453,USA,8390 Franklin Ave,Columbus,New York,89781
Dorothy Torres,dorothy282@aol.com,7KKxdrmS$H,7KKxdrmS$H,(433) 261-1729,USA,5445 High St,Raleigh,Wyoming,61963
Helen King,helenking@aol.com,Z%y!&qtFVK,Z%y!&qtFVK,(809) 551-8522,USA,388 State St,Denver,Utah,19028
Jessica Anderson,jessica12@aol.com,sSGAfIo&m#,sSGAfIo&m#,(241) 689-5115,USA,624 Adams St,Oklahoma City,Colorado,88114
Paul Wilson,paulwilson@aol.com,J&I7X$V5i!,J&I7X$V5i!,(244) 299-5015,USA,2887 Broad St,Philadelphia,Minnesota,45710
Robert Ramirez,robert.ramirez@hotmail.com,&RecDy3UBb,&RecDy3UBb,(751) 865-6310,USA,1980 High St,Memphis,Alaska,80356
Betty Rodriguez,bettyrodriguez@yahoo.com,2W*1yyiqVD,2W*1yyiqVD,(265) 357-2257,USA,1642 Roosevelt St,Omaha,New Jersey,86378
Lisa Williams,lisa783@hotmail.com,I&UT4Llmqm,I&UT4Llmqm,(689) 731-8667,USA,4323 High St,Austin,Wyoming,75200
Timothy Rivera,timothy.rivera@gmail.com,Hh5w#yHuFf,Hh5w#yHuFf,(399) 365-3057,USA,4720 Jackson Ave,Fresno,Utah,96367
Elizabeth Baker,elizabeth.baker@gmail.com,ktNDXJVtDO,ktNDXJVtDO,(890) 510-3653,USA,4763 Cedar St,Colorado Springs,Maine,78101
Helen Smith,helen.smith27@gmail.com,YJFQskjash,YJFQskjash,(749) 516-2890,USA,4054 Jefferson St,Las Vegas,North Dakota,18752
Kevin Lewis,kevin.lewis10@gmail.com,B#DSSvyyuD,B#DSSvyyuD,(742) 814-6764,USA,2414 Oak Ave,Boston,Virginia,29470
James Sanchez,james.sanchez7@aol.com,JuE*Fq%Dz$,JuE*Fq%Dz$,(397) 744-5834,USA,9242 Main St,Miami,Colorado,22082
Kevin Gonzalez,kevingonzalez@aol.com,!PqsvL9pT%,!PqsvL9pT%,(617) 682-6276,USA,7384 Jefferson St,Raleigh,Rhode Island,74783
George Brown,georgebrown@outlook.com,C6a2SSmdjB,C6a2SSmdjB,(393) 995-2301,USA,8564 State St,Fresno,Florida,82551
Lisa Mitchell,lisa.mitchell64@yahoo.com,&*SZZTQ*yB,&*SZZTQ*yB,(207) 693-3745,USA,3387 Jackson Ave,Memphis,South Carolina,63846
Steven Rodriguez,steven.rodriguez42@hotmail.com,ovi9OREx$h,ovi9OREx$h,(953) 926-9993,USA,4025 Washington Ave,Los Angeles,Ohio,73586
Deborah Taylor,deborah.taylor@yahoo.com,JC@@u%a&wD,JC@@u%a&wD,(743) 393-5255,USA,6739 Broad St,Jacksonville,Alaska,52586
Daniel King,daniel.king51@aol.com,d&NEWg@9dW,d&NEWg@9dW,(904) 600-1841,USA,4271 Franklin Ave,Sacramento,Colorado,56711
Deborah Mitchell,deborah.mitchell@gmail.com,40&M2v9UBR,40&M2v9UBR,(381) 238-1605,USA,9097 Elm St,Tucson,Connecticut,17805
Kenneth Carter,kenneth.carter@icloud.com,u8nOy05ERz,u8nOy05ERz,(325) 470-4827,USA,1041 Church St,Memphis,Nebraska,72202
Sarah Taylor,sarahtaylor@yahoo.com,dZq$fB6mej,dZq$fB6mej,(503) 606-1472,USA,9899 Roosevelt St,Miami,Maryland,30956
Dorothy Hall,dorothy.hall37@hotmail.com,#0$FsP&8HP,#0$FsP&8HP,(335) 515-5749,USA,5769 Church St,Omaha,Texas,17190
Laura Garcia,laura.garcia@gmail.com,8IgTAyyDlm,8IgTAyyDlm,(782) 315-2825,USA,4016 State St,Tucson,New York,72795
Jessica Campbell,jessica.campbell97@outlook.com,#uHpO3e9pi,#uHpO3e9pi,(455) 498-7156,USA,8663 Washington Ave,Mesa,Maine,11229
Patricia Campbell,patricia.campbell10@yahoo.com,Ld@qK&757Z,Ld@qK&757Z,(336) 920-1242,USA,588 State St,San Jose,Colorado,68254
Daniel Torres,danieltorres@icloud.com,QMV$RUIxKo,QMV$RUIxKo,(357) 641-6890,USA,3704 Pine St,Fresno,Tennessee,46616
Linda King,linda.king@yahoo.com,InCeAgg7Qi,InCeAgg7Qi,(558) 440-7481,USA,5320 Jefferson St,Detroit,Kansas,24257
George Gonzalez,george844@hotmail.com,oQJMYYlUY1,oQJMYYlUY1,(511) 277-2643,USA,9016 Madison St,Columbus,South Dakota,83752
